{"duration": 5.340045928955078, "input_args": {"file_path": "'user_behavior_7days.xlsx'"}, "time": 1746608494.447405}