{"duration": 13.988137245178223, "input_args": {"file_path": "'user_behavior_7days.xlsx'"}, "time": 1746704549.406791}