{"duration": 7.874249458312988, "input_args": {"file_path": "'user_behavior_7days.xlsx'"}, "time": 1746703627.236744}