{"duration": 5.469879865646362, "input_args": {"file_path": "'user_behavior_7days.xlsx'"}, "time": 1746608365.9092107}